id,first_name,last_name,email,gender,ip_address
2,Silvano,Claire,sclaire1@nifty.com,Male,212.55.137.59
3,Basilio,Jurasz,bjurasz2@devhub.com,Male,61.118.47.222
4,Fanya,Jewster,fjewster3@icio.us,Female,159.50.235.17
5,Marris,MacCrossan,mmaccrossan4@rediff.com,Female,252.2.55.125
6,Beau,Silverthorn,bsilverthorn5@youtu.be,Male,191.82.35.193
7,Barris,Newbery,bnewbery6@quantcast.com,Male,143.47.49.70
8,Jeri,Bradock,jbradock7@elpais.com,Female,112.52.207.24
9,Gwenny,Challenger,gchallenger8@pinterest.com,Female,80.246.90.108
10,Sharl,Smales,ssmales9@diigo.com,Female,9.146.167.147
11,Husein,Heigl,hheigla@facebook.com,Male,24.184.114.29
12,Dina,Bram,dbramb@telegraph.co.uk,Female,60.182.142.182
13,Fedora,Yardy,fyardyc@tripadvisor.com,Female,48.228.53.37
14,Marylou,Larmouth,mlarmouthd@scientificamerican.com,Female,209.107.95.196
15,Rancell,Teacy,rteacye@parallels.com,Male,249.188.208.6
16,Alberto,Hendron,ahendronf@webmd.com,Male,119.87.173.162
17,Ronny,Bezley,rbezleyg@smh.com.au,Female,184.173.93.135
18,Ginger,Moehler,gmoehlerh@weather.com,Female,192.60.84.207
19,Vonni,Sowerby,vsowerbyi@rakuten.co.jp,Female,67.216.147.223
20,Maxy,Reddy,mreddyj@eventbrite.com,Female,172.179.116.21
21,Inigo,Mansford,imansfordk@webs.com,Male,39.242.17.127
22,Truda,Whittlesey,twhittleseyl@posterous.com,Female,170.98.165.199
23,Ade,Kilgour,akilgourm@theglobeandmail.com,Male,168.144.117.67
24,Duke,Cooling,dcoolingn@phoca.cz,Male,47.157.150.70
25,Mimi,Angeli,mangelio@amazon.co.uk,Female,15.190.219.159
26,Jaclyn,Flicker,jflickerp@time.com,Female,70.88.147.86
27,Elmore,Speedy,espeedyq@shop-pro.jp,Male,153.118.107.1
28,Benedicto,Tretwell,btretwellr@china.com.cn,Male,192.91.105.64
29,Coralyn,Kuhnke,ckuhnkes@wunderground.com,Female,176.164.163.56
30,Terrence,Ceschi,tceschit@dyndns.org,Male,237.79.238.116
31,Allan,Weiss,aweissu@rakuten.co.jp,Male,82.254.9.203
32,Gregoor,Brooke,gbrookev@vinaora.com,Male,238.183.11.46
33,Alie,Dessent,adessentw@kickstarter.com,Female,190.149.15.251
34,Jacinta,Seckington,jseckingtonx@xing.com,Female,95.111.34.82
35,Rivkah,Rissom,rrissomy@ebay.co.uk,Female,58.64.58.102
36,Marjie,Clements,mclementsz@i2i.jp,Female,145.186.137.4
37,Katrina,Dwane,kdwane10@about.me,Female,239.231.3.112
38,Nanci,Prop,nprop11@icq.com,Female,26.114.26.214
39,Gauthier,Arnal,garnal12@paypal.com,Male,229.91.140.235
40,Olivia,Kerswill,okerswill13@reference.com,Female,83.11.136.150
41,Angie,Romao,aromao14@ow.ly,Female,240.33.172.86
42,Terry,Espine,tespine15@uol.com.br,Male,141.122.137.27
43,Salvidor,Shane,sshane16@jigsy.com,Male,205.56.45.88
44,Avigdor,Tiplady,atiplady17@tiny.cc,Male,182.78.216.237
45,Rodge,Elix,relix18@ocn.ne.jp,Male,104.25.227.174
46,Mollie,Dalloway,mdalloway19@moonfruit.com,Female,58.250.191.207
47,Tades,Vergine,tvergine1a@hp.com,Male,28.33.148.245
48,Julie,McKnockiter,jmcknockiter1b@google.com.hk,Female,101.114.77.94
49,Reece,Delaney,rdelaney1c@state.gov,Male,229.39.89.25
50,Tadd,McCallion,tmccallion1d@ihg.com,Male,113.218.245.179
51,Jami,Hyde-Chambers,jhydechambers1e@simplemachines.org,Female,167.150.69.174
52,Rowe,Mackiewicz,rmackiewicz1f@imgur.com,Female,96.236.190.11
53,Giusto,Pidcock,gpidcock1g@printfriendly.com,Male,43.147.171.238
54,Dionis,Licciardiello,dlicciardiello1h@amazon.co.jp,Female,140.94.89.201
55,Raychel,Le Claire,rleclaire1i@sakura.ne.jp,Female,61.209.105.148
56,Kean,Martinets,kmartinets1j@prweb.com,Male,207.165.184.170
57,Riordan,Challenger,rchallenger1k@reuters.com,Male,52.146.79.78
58,Priscilla,Tirkin,ptirkin1l@gravatar.com,Female,16.18.193.129
59,Rosaline,Hurleston,rhurleston1m@yahoo.co.jp,Female,110.107.199.160
60,Barton,Pickin,bpickin1n@nhs.uk,Male,205.148.150.88
61,Kathe,Hazelgreave,khazelgreave1o@wunderground.com,Female,146.245.214.31
62,Shannan,Emmanuel,semmanuel1p@japanpost.jp,Male,68.119.229.143
63,Rina,Sandbrook,rsandbrook1q@china.com.cn,Female,205.161.29.229
64,Giavani,Branigan,gbranigan1r@360.cn,Male,242.32.206.16
65,Davis,Ticic,dticic1s@wunderground.com,Male,3.45.241.149
66,Kristen,Radwell,kradwell1t@eepurl.com,Female,133.170.92.179
67,Melinda,Mathissen,mmathissen1u@washingtonpost.com,Female,126.108.220.43
68,Tonie,Slayny,tslayny1v@youtube.com,Female,65.98.95.121
69,Lucila,Hospital,lhospital1w@washington.edu,Female,237.25.238.122
70,Woodman,Mustoe,wmustoe1x@noaa.gov,Male,13.113.209.136
71,Nadean,Pleass,npleass1y@feedburner.com,Female,70.80.193.39
72,Emmeline,Reinisch,ereinisch1z@github.io,Female,21.227.58.35
73,Mirelle,Starrs,mstarrs20@google.cn,Female,83.218.209.160
74,Philip,Nourse,pnourse21@stanford.edu,Male,161.30.23.115
75,Melly,Simenet,msimenet22@digg.com,Female,102.232.189.23
76,Dur,Peschet,dpeschet23@slideshare.net,Male,124.138.87.142
77,Lissi,Martina,lmartina24@webmd.com,Female,103.84.19.50
78,Stafani,Sherreard,ssherreard25@stumbleupon.com,Female,150.130.53.127
79,Mickey,Robroe,mrobroe26@yandex.ru,Male,128.98.23.135
80,Martita,O'Doireidh,modoireidh27@china.com.cn,Female,84.162.236.73
81,Dotty,Tearney,dtearney28@amazon.de,Female,123.90.118.60
82,Ham,Rickhuss,hrickhuss29@hhs.gov,Male,8.242.82.232
83,Aurthur,Norgan,anorgan2a@epa.gov,Male,75.135.174.77
84,Hagen,Davidsson,hdavidsson2b@oracle.com,Male,45.100.188.59
85,Florida,Ascraft,fascraft2c@virginia.edu,Female,164.87.86.125
86,Amelia,Wayman,awayman2d@dailymotion.com,Female,97.208.149.81
87,Freeman,Hindmore,fhindmore2e@utexas.edu,Male,203.19.231.69
88,Kelly,Lyptrit,klyptrit2f@amazon.de,Female,197.253.165.27
89,Starla,Avramovitz,savramovitz2g@ovh.net,Female,54.78.129.197
90,Corbin,Anning,canning2h@ted.com,Male,86.77.152.30
91,Chas,Dumbarton,cdumbarton2i@about.me,Male,39.233.155.66
92,Neddy,Gery,ngery2j@ocn.ne.jp,Male,57.37.87.230
93,Brandy,Wadeling,bwadeling2k@livejournal.com,Female,81.230.16.230
94,Marga,McCalister,mmccalister2l@fc2.com,Female,230.110.13.159
95,Carter,Thowes,cthowes2m@infoseek.co.jp,Male,108.245.54.173
96,Jecho,Lydden,jlydden2n@boston.com,Male,187.195.164.3
97,Wittie,Stodit,wstodit2o@tamu.edu,Male,206.56.74.25
98,Michale,Coorington,mcoorington2p@techcrunch.com,Male,217.191.164.143
99,Minnie,Botwood,mbotwood2q@marriott.com,Female,47.124.101.185
100,Floyd,Malec,fmalec2r@g.co,Male,197.229.68.239
101,Sayre,Izaac,sizaac2s@instagram.com,Male,98.251.178.132
102,Lynnea,McGarahan,lmcgarahan2t@vimeo.com,Female,126.139.217.19
103,Terrill,Cops,tcops2u@tumblr.com,Male,138.85.97.181
104,Meredeth,Caswall,mcaswall2v@barnesandnoble.com,Male,79.126.249.162
105,Yorgo,Aronow,yaronow2w@nasa.gov,Male,71.96.15.231
106,Kyle,Corradeschi,kcorradeschi2x@cam.ac.uk,Male,229.173.66.94
107,Parker,Kingsnorth,pkingsnorth2y@imgur.com,Male,124.84.139.246
108,Agnola,Choudhury,achoudhury2z@answers.com,Female,158.218.79.146
109,Mallissa,Tocque,mtocque30@prnewswire.com,Female,235.254.96.6
110,Wendye,Benedyktowicz,wbenedyktowicz31@cbc.ca,Female,37.81.81.163
111,Krystyna,Achromov,kachromov32@ebay.co.uk,Female,238.176.194.8
112,Jobi,Ralestone,jralestone33@wikispaces.com,Female,204.93.11.71
113,Shaun,Dansie,sdansie34@utexas.edu,Female,191.94.10.114
114,Diena,Ivatt,divatt35@oaic.gov.au,Female,62.242.88.88
115,Ly,Walthall,lwalthall36@irs.gov,Male,27.177.107.164
116,Florella,Hambidge,fhambidge37@gravatar.com,Female,33.243.50.242
117,Rae,Ratke,rratke38@marketwatch.com,Female,59.112.139.233
118,Graehme,Pook,gpook39@people.com.cn,Male,49.211.0.6
119,Oralie,Roubert,oroubert3a@live.com,Female,215.221.143.38
120,Kareem,Boutflour,kboutflour3b@reddit.com,Male,155.71.61.97
121,Claudia,Teasdale-Markie,cteasdalemarkie3c@state.gov,Female,37.201.113.254
122,Lizabeth,Mosen,lmosen3d@wordpress.org,Female,143.197.232.226
123,Jessamine,Kaser,jkaser3e@about.com,Female,198.255.119.181
124,Kippy,Skillen,kskillen3f@scribd.com,Female,215.76.237.242
125,Leopold,Deerr,ldeerr3g@themeforest.net,Male,100.118.148.49
126,Holly,Parsand,hparsand3h@msn.com,Female,128.107.255.249
127,Dion,Ballendine,dballendine3i@mapy.cz,Male,94.225.115.104
128,Ailina,Feakins,afeakins3j@shareasale.com,Female,12.180.78.209
129,Janelle,Darke,jdarke3k@comcast.net,Female,227.194.70.195
130,Gleda,Elmhurst,gelmhurst3l@github.com,Female,54.96.178.61
131,Gigi,Janata,gjanata3m@japanpost.jp,Female,172.11.87.46
132,Wallie,Gass,wgass3n@twitpic.com,Male,106.70.18.43
133,Ferrell,Wisniowski,fwisniowski3o@cbsnews.com,Male,142.61.225.161
134,Art,Clawsley,aclawsley3p@bbc.co.uk,Male,109.98.51.49
135,Matilda,Bedow,mbedow3q@joomla.org,Female,250.244.51.141
136,Ray,Jovey,rjovey3r@privacy.gov.au,Female,230.93.230.197
137,Tore,Wintringham,twintringham3s@yelp.com,Male,72.110.129.242
138,Jacky,Montgomery,jmontgomery3t@cpanel.net,Male,155.122.203.96
139,Loella,Phelips,lphelips3u@creativecommons.org,Female,150.69.89.252
140,Sidnee,Cham,scham3v@netlog.com,Male,4.203.124.209
141,Marylou,Matussov,mmatussov3w@squarespace.com,Female,121.167.16.85
142,Antonino,Menpes,amenpes3x@chron.com,Male,202.162.182.210
143,Kenon,Handasyde,khandasyde3y@tuttocitta.it,Male,97.194.213.191
144,Uriel,Dullingham,udullingham3z@berkeley.edu,Male,211.90.242.89
145,Bartholomew,Dudden,bdudden40@aboutads.info,Male,226.2.59.6
146,Cazzie,Guitte,cguitte41@digg.com,Male,85.70.24.162
147,Kelsey,Vanyukhin,kvanyukhin42@wufoo.com,Male,230.80.167.48
148,Julianna,Benoy,jbenoy43@house.gov,Female,51.54.23.81
149,Michail,Scamel,mscamel44@goo.ne.jp,Male,6.241.176.8
150,Jehanna,Proudlock,jproudlock45@mlb.com,Female,156.100.207.247
151,Olivier,Mattersey,omattersey46@istockphoto.com,Male,158.154.80.25
152,Vonni,Kellar,vkellar47@paginegialle.it,Female,144.65.6.40
153,Nealson,Dauncey,ndauncey48@symantec.com,Male,202.209.169.137
154,Way,Durante,wdurante49@wix.com,Male,176.145.244.115
155,Hubie,Baird,hbaird4a@loc.gov,Male,169.54.179.120
156,Sebastien,Pibworth,spibworth4b@dailymail.co.uk,Male,159.195.76.41
157,Levon,Van Brug,lvanbrug4c@huffingtonpost.com,Male,195.146.242.118
158,Arnuad,Aires,aaires4d@netvibes.com,Male,186.46.20.166
159,Reggis,Henrot,rhenrot4e@comsenz.com,Male,11.166.100.17
160,Janela,Thurston,jthurston4f@ycombinator.com,Female,235.66.250.88
161,Martie,Angel,mangel4g@trellian.com,Female,154.28.183.107
162,Heall,Jozwicki,hjozwicki4h@imageshack.us,Male,145.220.99.74
163,Norine,Hawford,nhawford4i@bloomberg.com,Female,35.32.198.83
164,Juliane,Trounce,jtrounce4j@hud.gov,Female,6.189.231.208
165,Ketti,Reeman,kreeman4k@shop-pro.jp,Female,250.5.92.242
166,Mikol,Ewer,mewer4l@paypal.com,Male,91.205.171.35
167,Eustacia,Brou,ebrou4m@github.com,Female,207.122.17.50
168,Morley,Clint,mclint4n@boston.com,Male,50.7.82.142
169,Mireille,Jenman,mjenman4o@apple.com,Female,192.123.57.207
170,Bogart,Standering,bstandering4p@prlog.org,Male,164.44.71.117
171,Sarge,Salvin,ssalvin4q@xrea.com,Male,219.149.119.82
172,Gardiner,Siley,gsiley4r@bbb.org,Male,97.5.152.25
173,Winfred,Causby,wcausby4s@sciencedaily.com,Male,249.58.114.125
174,Jayne,Maltman,jmaltman4t@upenn.edu,Female,5.226.189.140
175,Ondrea,Stubbert,ostubbert4u@webs.com,Female,117.242.27.252
176,Noah,Ianson,nianson4v@issuu.com,Male,56.200.194.238
177,Hogan,Orpen,horpen4w@instagram.com,Male,255.12.97.87
178,Masha,Astley,mastley4x@yahoo.com,Female,125.216.74.29
179,Zacharia,Wardroper,zwardroper4y@networkadvertising.org,Male,5.133.184.187
180,Ches,Corwood,ccorwood4z@blogs.com,Male,110.130.54.183
181,Rab,Scroggie,rscroggie50@msn.com,Male,69.98.113.130
182,Alfie,Burree,aburree51@ibm.com,Female,249.207.177.67
183,Franky,Carous,fcarous52@businessinsider.com,Female,32.237.166.57
184,Tomas,Arson,tarson53@addthis.com,Male,176.188.204.34
185,Lucinda,Trumpeter,ltrumpeter54@baidu.com,Female,1.133.94.137
186,Waiter,Di Franceshci,wdifranceshci55@ucsd.edu,Male,195.154.140.131
187,Myrvyn,Aleksandrev,maleksandrev56@businessinsider.com,Male,57.117.4.233
188,Jonah,Drummer,jdrummer57@wix.com,Male,242.109.151.180
189,Niko,Peasnone,npeasnone58@msn.com,Male,164.157.99.12
190,Heath,Godsell,hgodsell59@artisteer.com,Male,254.217.147.149
191,Hobie,Boother,hboother5a@cnbc.com,Male,104.224.136.226
192,Hi,Aylesbury,haylesbury5b@indiegogo.com,Male,78.214.177.161
193,Cassey,Bru,cbru5c@bizjournals.com,Female,190.196.132.140
194,Farrell,Scothern,fscothern5d@howstuffworks.com,Male,195.136.80.202
195,Sandye,Allman,sallman5e@symantec.com,Female,102.90.4.105
196,Moore,Barmby,mbarmby5f@mit.edu,Male,245.158.93.168
197,Rorie,Rosoman,rrosoman5g@businesswire.com,Female,94.115.196.149
198,Ephrayim,Varvell,evarvell5h@ocn.ne.jp,Male,136.58.113.40
199,Lilian,Quickfall,lquickfall5i@cyberchimps.com,Female,167.205.124.123
200,Wendall,Denisevich,wdenisevich5j@gnu.org,Male,94.99.16.192
201,Johny,Rault,jrault5k@yelp.com,Male,251.19.137.61
202,Pierette,Evesque,pevesque5l@google.com.br,Female,42.47.193.121
203,Desmond,Deppen,ddeppen5m@infoseek.co.jp,Male,214.65.14.154
204,Shandie,Basketter,sbasketter5n@businesswire.com,Female,173.146.62.221
205,Amelina,Brockett,abrockett5o@reddit.com,Female,241.124.218.9
206,Julio,Loxdale,jloxdale5p@jigsy.com,Male,149.253.79.233
207,Lise,Eastbrook,leastbrook5q@sun.com,Female,71.224.123.166
208,Elroy,Robardley,erobardley5r@drupal.org,Male,81.221.0.29
209,Loutitia,Cummungs,lcummungs5s@reuters.com,Female,165.35.208.46
210,Ronnica,Whymark,rwhymark5t@statcounter.com,Female,43.113.144.180
211,Jeniffer,Freke,jfreke5u@vimeo.com,Female,11.67.184.79
212,Loni,Petrus,lpetrus5v@liveinternet.ru,Female,208.127.119.234
213,Say,Wycherley,swycherley5w@reddit.com,Male,74.213.74.60
214,Tobin,St. Queintain,tstqueintain5x@baidu.com,Male,67.242.79.60
215,Gaven,Faustin,gfaustin5y@discovery.com,Male,13.123.18.66
216,Raynard,Grewe,rgrewe5z@virginia.edu,Male,35.148.130.27
217,Teriann,Drissell,tdrissell60@stanford.edu,Female,200.136.107.225
218,Gary,Gealle,ggealle61@de.vu,Male,67.124.130.190
219,Oralla,Dunwoody,odunwoody62@linkedin.com,Female,151.184.182.140
220,Marlene,Francescotti,mfrancescotti63@gnu.org,Female,19.31.78.9
221,Hillard,Cossans,hcossans64@pen.io,Male,144.172.99.2
222,Tiler,Loveridge,tloveridge65@si.edu,Male,155.157.63.203
223,Melisenda,Danit,mdanit66@tumblr.com,Female,127.149.144.101
224,Rhiamon,Burgott,rburgott67@youtube.com,Female,227.119.144.92
225,Adelbert,Nouch,anouch68@toplist.cz,Male,90.17.253.198
226,Renato,Chadd,rchadd69@simplemachines.org,Male,99.134.197.246
227,Bernie,Worvell,bworvell6a@lycos.com,Female,227.85.0.21
228,Fan,Storry,fstorry6b@umich.edu,Female,211.61.65.238
229,Nathanil,Gillingham,ngillingham6c@cnbc.com,Male,201.174.180.43
230,Lorilyn,Marham,lmarham6d@imdb.com,Female,77.52.156.132
231,Perceval,Wareham,pwareham6e@about.me,Male,94.253.50.237
232,Fanechka,Linkleter,flinkleter6f@auda.org.au,Female,200.102.31.56
233,Murielle,Kroin,mkroin6g@seesaa.net,Female,53.193.146.31
234,Darline,Hounsom,dhounsom6h@youtube.com,Female,221.213.85.15
235,Griswold,Dobrovolski,gdobrovolski6i@apache.org,Male,205.193.94.228
236,Moselle,McKyrrelly,mmckyrrelly6j@php.net,Female,74.32.199.218
237,Ralph,Titta,rtitta6k@vinaora.com,Male,60.23.126.80
238,Vera,Henrion,vhenrion6l@businessweek.com,Female,8.241.39.132
239,Miltie,Westcarr,mwestcarr6m@telegraph.co.uk,Male,81.239.253.172
240,Burl,Cawdell,bcawdell6n@google.co.uk,Male,226.104.84.101
241,Lynnelle,O'Keenan,lokeenan6o@businessweek.com,Female,191.250.20.147
242,Curcio,Woodfine,cwoodfine6p@ucoz.com,Male,47.46.155.218
243,Farlee,de Keep,fdekeep6q@de.vu,Male,251.233.146.53
244,Dara,Gianullo,dgianullo6r@mtv.com,Female,1.102.225.46
245,Ben,Spuffard,bspuffard6s@house.gov,Male,54.247.198.5
246,Allyson,Straffon,astraffon6t@blinklist.com,Female,149.200.139.85
247,Dorry,Instock,dinstock6u@google.de,Female,2.230.128.175
248,Sindee,Hurtic,shurtic6v@cnbc.com,Female,135.205.76.225
249,Roi,MacKeller,rmackeller6w@jugem.jp,Male,105.250.156.22
250,Angy,Gheorghe,agheorghe6x@google.pl,Female,192.83.26.128
251,Sarita,Lynes,slynes6y@over-blog.com,Female,198.25.3.127
252,Langston,Neno,lneno6z@acquirethisname.com,Male,93.59.77.166
253,Chrissy,Geyton,cgeyton70@tuttocitta.it,Male,17.25.130.135
254,Joyan,McGinnis,jmcginnis71@miitbeian.gov.cn,Female,15.159.163.167
255,Gerald,Bister,gbister72@drupal.org,Male,84.211.8.114
256,Gabriela,Dedmam,gdedmam73@wisc.edu,Female,198.141.33.45
257,Eustacia,Santacrole,esantacrole74@ezinearticles.com,Female,128.140.60.27
258,Alic,Lande,alande75@creativecommons.org,Male,69.211.223.24
259,Felipe,Nacey,fnacey76@printfriendly.com,Male,148.143.100.10
260,Laney,Caswell,lcaswell77@weebly.com,Female,161.140.125.255
261,Vincent,Dymick,vdymick78@admin.ch,Male,49.184.143.120
262,Arleen,Van't Hoff,avanthoff79@newsvine.com,Female,236.221.64.236
263,Boote,Hughill,bhughill7a@printfriendly.com,Male,102.202.210.172
264,Amii,Fender,afender7b@amazon.com,Female,148.114.160.237
265,Karalee,Gowanson,kgowanson7c@netlog.com,Female,166.48.146.135
266,Shirline,Kiefer,skiefer7d@odnoklassniki.ru,Female,176.197.126.54
267,Finlay,Jamrowicz,fjamrowicz7e@webmd.com,Male,120.150.159.203
268,Stevy,Wiz,swiz7f@irs.gov,Male,167.192.191.92
269,Marieann,Lavis,mlavis7g@mashable.com,Female,126.201.24.85
270,Vivi,Hallick,vhallick7h@ow.ly,Female,184.174.166.43
271,Carson,Torrance,ctorrance7i@e-recht24.de,Male,15.130.212.216
272,Whitney,Plunket,wplunket7j@ibm.com,Male,19.11.64.186
273,Warren,Swift,wswift7k@hatena.ne.jp,Male,76.7.106.162
274,Edita,Imlach,eimlach7l@baidu.com,Female,133.44.3.197
275,Yule,Dancer,ydancer7m@geocities.com,Male,74.188.178.148
276,Addie,Allsworth,aallsworth7n@tamu.edu,Male,17.30.104.117
277,Theresina,Rootham,trootham7o@so-net.ne.jp,Female,122.54.208.126
278,Shandeigh,Ugoni,sugoni7p@wired.com,Female,148.41.211.64
279,Therine,Hansen,thansen7q@twitpic.com,Female,65.31.195.89
280,Lari,Waterland,lwaterland7r@japanpost.jp,Female,244.18.12.205
281,Zea,Vinau,zvinau7s@soundcloud.com,Female,154.149.75.91
282,Hanan,Bovingdon,hbovingdon7t@goodreads.com,Male,95.129.182.43
283,Eleonora,Patroni,epatroni7u@jugem.jp,Female,17.147.240.207
284,Farrell,Yockney,fyockney7v@wikipedia.org,Male,33.142.121.155
285,Conan,Maffeo,cmaffeo7w@ca.gov,Male,154.251.7.115
286,Creigh,Corbridge,ccorbridge7x@wunderground.com,Male,53.137.39.81
287,Horatio,Mengo,hmengo7y@gnu.org,Male,249.237.236.180
288,Gannie,Bordes,gbordes7z@sciencedirect.com,Male,242.53.179.194
289,Fitz,Mirams,fmirams80@twitpic.com,Male,133.122.197.181
290,Mic,Rimell,mrimell81@wsj.com,Male,90.213.180.56
291,Norean,Froude,nfroude82@reference.com,Female,86.197.88.81
292,Sonia,Blaszczynski,sblaszczynski83@phpbb.com,Female,117.216.129.80
293,Madelina,Gabriely,mgabriely84@redcross.org,Female,15.221.14.71
294,Ennis,Heavy,eheavy85@yellowbook.com,Male,55.119.41.146
295,Wilma,Cronk,wcronk86@bluehost.com,Female,157.59.173.124
296,Kirstyn,Hanby,khanby87@cnbc.com,Female,211.150.157.57
297,Mariann,Godson,mgodson88@cnet.com,Female,203.253.197.137
298,Lucais,Rudgley,lrudgley89@baidu.com,Male,62.94.44.43
299,Kim,Cratchley,kcratchley8a@si.edu,Female,72.44.102.51
300,Leah,Franiak,lfraniak8b@skype.com,Female,220.116.78.173
301,Amalita,Allgood,aallgood8c@mlb.com,Female,34.201.231.198
302,Ruthy,Maryott,rmaryott8d@jiathis.com,Female,146.81.112.223
303,Isak,Jurges,ijurges8e@hibu.com,Male,4.7.125.23
304,Lorain,Phoenix,lphoenix8f@cbsnews.com,Female,178.217.58.70
305,Hilario,Harbard,hharbard8g@narod.ru,Male,80.54.225.69
306,Godfry,Greene,ggreene8h@unblog.fr,Male,13.88.201.204
307,Taber,Cauthra,tcauthra8i@seesaa.net,Male,14.45.78.1
308,Monroe,Jahnel,mjahnel8j@washington.edu,Male,253.172.24.12
309,Grover,Stoney,gstoney8k@usatoday.com,Male,118.163.18.20
310,Kalvin,Feveryear,kfeveryear8l@nih.gov,Male,27.100.68.198
311,Mil,Pyer,mpyer8m@pen.io,Female,68.52.177.151
312,Adella,Huddle,ahuddle8n@yale.edu,Female,103.217.19.122
313,Yule,Kingscote,ykingscote8o@pen.io,Male,97.164.25.155
314,Nehemiah,De Ruggiero,nderuggiero8p@devhub.com,Male,93.95.133.113
315,Hurley,Pietzke,hpietzke8q@bandcamp.com,Male,79.97.80.215
316,Coleen,Reaveley,creaveley8r@europa.eu,Female,21.171.207.233
317,Hyman,Silverthorne,hsilverthorne8s@bandcamp.com,Male,229.71.168.109
318,Margeaux,Rubinovici,mrubinovici8t@weebly.com,Female,181.122.14.244
319,Nicolle,Moakson,nmoakson8u@gmpg.org,Female,124.247.176.75
320,Ingeberg,Couper,icouper8v@huffingtonpost.com,Female,144.250.138.161
321,Moyna,Salvage,msalvage8w@walmart.com,Female,140.86.243.133
322,Suellen,Sorby,ssorby8x@issuu.com,Female,1.138.82.111
323,Haskell,Dominka,hdominka8y@ow.ly,Male,13.193.128.225
324,Lawry,Symson,lsymson8z@who.int,Male,254.194.97.223
325,Yardley,Bloxham,ybloxham90@china.com.cn,Male,255.170.14.249
326,Cal,Belfelt,cbelfelt91@army.mil,Male,94.193.141.127
327,La verne,Ormistone,lormistone92@merriam-webster.com,Female,196.194.229.90
328,Casey,Fairfoot,cfairfoot93@ted.com,Male,44.230.46.132
329,Fields,Uzielli,fuzielli94@cbslocal.com,Male,81.122.209.203
330,Reggis,Haverson,rhaverson95@wufoo.com,Male,70.241.86.129
331,Alanson,Matic,amatic96@a8.net,Male,113.208.221.62
332,Charis,Cumberbatch,ccumberbatch97@is.gd,Female,183.54.232.50
333,Estella,Leggate,eleggate98@cbslocal.com,Female,118.236.196.11
334,Ellery,Arnecke,earnecke99@theguardian.com,Male,23.121.213.7
335,Angelico,Orcott,aorcott9a@canalblog.com,Male,11.164.50.21
336,Tonye,Sibylla,tsibylla9b@businessinsider.com,Female,252.97.14.213
337,Pauly,Kepling,pkepling9c@chron.com,Male,23.8.165.41
338,Raoul,Renak,rrenak9d@comsenz.com,Male,248.252.161.227
339,Karia,Nichols,knichols9e@instagram.com,Female,224.136.92.26
340,Roman,Tresler,rtresler9f@ucsd.edu,Male,165.161.97.2
341,Konstantin,Scotts,kscotts9g@sphinn.com,Male,191.240.34.52
342,Vance,Avrahamian,vavrahamian9h@drupal.org,Male,152.71.254.166
343,Gerome,Commusso,gcommusso9i@ucsd.edu,Male,41.12.209.251
344,Madelina,Stollwerk,mstollwerk9j@cnn.com,Female,127.170.211.214
345,Mattie,McCurlye,mmccurlye9k@opensource.org,Female,111.87.53.197
346,Timoteo,Blais,tblais9l@stumbleupon.com,Male,248.249.25.143
347,Izzy,Perris,iperris9m@harvard.edu,Male,248.107.227.221
348,Yolane,Plumley,yplumley9n@cam.ac.uk,Female,35.128.87.141
349,Bald,Doddemeede,bdoddemeede9o@merriam-webster.com,Male,18.242.198.205
350,Valencia,Blamphin,vblamphin9p@youku.com,Female,180.93.40.0
351,Martie,Shillabear,mshillabear9q@bbc.co.uk,Female,152.24.73.69
352,Adlai,Balaam,abalaam9r@forbes.com,Male,68.42.199.52
353,Miriam,Birtonshaw,mbirtonshaw9s@is.gd,Female,121.67.196.36
354,Marjy,Dalliwater,mdalliwater9t@bloglines.com,Female,168.160.244.128
355,Cindi,Cornehl,ccornehl9u@vk.com,Female,223.137.105.224
356,Cassy,Easby,ceasby9v@wiley.com,Female,149.179.56.75
357,Mariann,Habeshaw,mhabeshaw9w@imgur.com,Female,210.147.88.88
358,Demetria,Melpuss,dmelpuss9x@t.co,Female,162.32.15.61
359,Maris,Blunkett,mblunkett9y@psu.edu,Female,206.161.238.37
360,Valeda,Goodbourn,vgoodbourn9z@illinois.edu,Female,24.2.131.137
361,Modestia,Eye,meyea0@weebly.com,Female,109.173.39.115
362,Claybourne,O'Lehane,colehanea1@google.pl,Male,131.92.29.73
363,Michale,Hagerty,mhagertya2@dropbox.com,Male,36.246.77.175
364,Dev,Rooney,drooneya3@xinhuanet.com,Male,31.12.31.67
365,Eldridge,Bockings,ebockingsa4@walmart.com,Male,12.120.63.199
366,Portia,Scrange,pscrangea5@unesco.org,Female,253.236.121.159
367,Clovis,Hawes,chawesa6@usa.gov,Female,180.122.1.231
368,Nicki,Creswell,ncreswella7@mapy.cz,Female,101.221.184.220
369,Jarrad,Leverette,jleverettea8@devhub.com,Male,238.253.151.164
370,Marylou,Kibel,mkibela9@prweb.com,Female,24.211.250.230
371,Zak,Batram,zbatramaa@youtu.be,Male,243.11.251.143
372,Ignace,Crichmer,icrichmerab@ted.com,Male,228.117.33.143
373,Giorgio,Ferran,gferranac@ehow.com,Male,191.46.229.249
374,Merrie,Boyack,mboyackad@google.de,Female,168.244.157.134
375,Daven,Snelling,dsnellingae@merriam-webster.com,Male,2.237.35.191
376,Caty,Remnant,cremnantaf@domainmarket.com,Female,101.142.148.247
377,Annadiane,Coll,acollag@house.gov,Female,3.61.26.95
378,Nappy,Chace,nchaceah@harvard.edu,Male,68.26.94.161
379,Nonie,Rosi,nrosiai@springer.com,Female,86.25.227.103
380,Morty,Sparhawk,msparhawkaj@themeforest.net,Male,183.196.54.129
381,Georgetta,Braddock,gbraddockak@addthis.com,Female,146.114.125.97
382,Park,Croft,pcroftal@dagondesign.com,Male,180.30.247.81
383,Sissie,Pleasants,spleasantsam@auda.org.au,Female,21.227.95.16
384,Simona,Mockford,smockfordan@discuz.net,Female,205.47.131.21
385,Katherine,Calladine,kcalladineao@privacy.gov.au,Female,119.147.120.183
386,Rafael,Enston,renstonap@economist.com,Male,19.154.145.235
387,Fanya,Dielhenn,fdielhennaq@latimes.com,Female,131.23.169.152
388,Briny,Coatham,bcoathamar@umn.edu,Female,190.44.254.155
389,Osbourne,Camosso,ocamossoas@hugedomains.com,Male,243.190.234.165
390,Margeaux,Pandie,mpandieat@statcounter.com,Female,204.170.48.189
391,Orran,Habens,ohabensau@reverbnation.com,Male,181.37.113.87
392,Smitty,Stoggell,sstoggellav@liveinternet.ru,Male,102.71.97.28
393,Delmar,Pifford,dpiffordaw@gmpg.org,Male,51.191.71.46
394,Elisha,Hance,ehanceax@themeforest.net,Female,49.200.43.45
395,Forbes,Carek,fcarekay@icio.us,Male,249.131.138.245
396,Jamie,Adhams,jadhamsaz@paginegialle.it,Female,86.44.17.105
397,Carmon,Cliff,ccliffb0@oracle.com,Female,93.26.210.113
398,Tessy,Garbott,tgarbottb1@usa.gov,Female,128.24.41.173
399,Gonzales,Deave,gdeaveb2@sciencedaily.com,Male,81.93.204.149
400,Shurwood,Fahey,sfaheyb3@amazon.co.uk,Male,183.200.54.252
401,Claus,Chislett,cchislettb4@yolasite.com,Male,38.28.253.4
402,Markus,McKevin,mmckevinb5@artisteer.com,Male,30.18.134.152
403,Hanna,O'Brien,hobrienb6@google.com.br,Female,66.196.240.231
404,Siobhan,Haugh,shaughb7@booking.com,Female,112.69.182.231
405,Angie,Stern,asternb8@dropbox.com,Female,112.115.79.23
406,Virgie,Lotterington,vlotteringtonb9@odnoklassniki.ru,Male,227.15.188.204
407,Denni,Harcarse,dharcarseba@mail.ru,Female,221.230.87.251
408,Emile,Whitehead,ewhiteheadbb@hibu.com,Male,75.141.26.95
409,Honor,McAteer,hmcateerbc@goodreads.com,Female,74.134.252.231
410,Beryle,Paullin,bpaullinbd@homestead.com,Female,233.135.54.173
411,Colene,Thairs,cthairsbe@theguardian.com,Female,26.103.164.25
412,Ketty,Penzer,kpenzerbf@apache.org,Female,242.238.183.201
413,Ware,Lindelof,wlindelofbg@blogger.com,Male,93.64.101.186
414,Jourdain,Longthorn,jlongthornbh@hexun.com,Male,70.169.180.209
415,Nalani,Fifoot,nfifootbi@squidoo.com,Female,34.243.41.125
416,Donall,Crutchfield,dcrutchfieldbj@dailymotion.com,Male,180.27.142.109
417,Everett,Clutram,eclutrambk@mozilla.com,Male,172.228.160.38
418,Rosemary,Turpie,rturpiebl@biglobe.ne.jp,Female,213.203.118.94
419,Mallissa,Cleiment,mcleimentbm@dailymotion.com,Female,30.142.160.234
420,Laryssa,Menci,lmencibn@shutterfly.com,Female,200.185.22.47
421,Lodovico,Trythall,ltrythallbo@webmd.com,Male,87.134.204.223
422,Teena,Corston,tcorstonbp@pagesperso-orange.fr,Female,224.67.78.226
423,Erhard,Fadden,efaddenbq@diigo.com,Male,247.59.237.25
424,Justinn,Rowbotham,jrowbothambr@cdc.gov,Female,71.97.166.95
425,Cristobal,Flanne,cflannebs@i2i.jp,Male,43.61.211.192
426,Marjie,Coomber,mcoomberbt@cargocollective.com,Female,222.32.110.78
427,Kaleena,Keast,kkeastbu@nps.gov,Female,205.142.172.119
428,Brianne,Nyssen,bnyssenbv@vinaora.com,Female,230.136.112.38
429,Gerry,Eaklee,geakleebw@1und1.de,Male,77.109.193.29
430,Vivia,Houdhury,vhoudhurybx@yale.edu,Female,131.242.122.99
431,Justine,Outerbridge,jouterbridgeby@si.edu,Female,102.182.189.74
432,Cly,Pickover,cpickoverbz@shutterfly.com,Male,226.122.29.216
433,Meir,Capron,mcapronc0@oakley.com,Male,156.56.56.188
434,Huberto,O'Donnelly,hodonnellyc1@baidu.com,Male,223.110.61.204
435,Chet,Pethick,cpethickc2@printfriendly.com,Male,213.121.146.24
436,Biron,Quibell,bquibellc3@sun.com,Male,23.10.52.187
437,Tobey,Keenleyside,tkeenleysidec4@netlog.com,Female,148.253.158.146
438,Marchelle,Lewsey,mlewseyc5@squarespace.com,Female,140.243.54.11
439,Jeni,Tooke,jtookec6@sitemeter.com,Female,215.1.172.141
440,Pru,Frowde,pfrowdec7@mtv.com,Female,204.199.188.38
441,Wain,Shedden,wsheddenc8@biblegateway.com,Male,68.108.10.3
442,Brandy,Laffling,blafflingc9@ihg.com,Male,168.6.19.9
443,Adiana,Guerin,aguerinca@privacy.gov.au,Female,233.202.213.46
444,Derby,Legge,dleggecb@blogs.com,Male,228.127.84.50
445,Eugine,Bardell,ebardellcc@about.me,Female,71.59.49.255
446,Cristiano,Emmanueli,cemmanuelicd@ehow.com,Male,13.140.28.134
447,Lindsy,Meriot,lmeriotce@noaa.gov,Female,75.128.181.40
448,Chickie,Le feuvre,clefeuvrecf@cornell.edu,Male,72.120.251.219
449,Ethelin,Merkle,emerklecg@51.la,Female,45.39.183.249
450,Gleda,Folkerd,gfolkerdch@xing.com,Female,210.218.63.11
451,Caspar,Cauldwell,ccauldwellci@multiply.com,Male,16.35.103.68
452,Theodore,Crease,tcreasecj@usa.gov,Male,26.66.78.168
453,Barnett,Budnk,bbudnkck@amazon.co.jp,Male,5.37.95.65
454,Berna,Wanley,bwanleycl@behance.net,Female,22.44.75.219
455,Cinnamon,Leney,cleneycm@simplemachines.org,Female,63.126.92.43
456,Skip,Burnham,sburnhamcn@edublogs.org,Male,218.82.173.88
457,Kim,Gligorijevic,kgligorijevicco@biblegateway.com,Female,204.35.238.72
458,Niccolo,Crinion,ncrinioncp@time.com,Male,183.197.230.29
459,Lanni,Emanuelli,lemanuellicq@github.io,Female,58.196.193.13
460,Ira,Dimbylow,idimbylowcr@cnn.com,Female,181.238.89.67
461,Amandy,Igounet,aigounetcs@360.cn,Female,106.238.26.212
462,Ralph,Bawme,rbawmect@ycombinator.com,Male,13.238.51.202
463,Oswell,Fernandes,ofernandescu@cbc.ca,Male,157.125.80.41
464,Fawnia,Kohter,fkohtercv@goo.gl,Female,174.93.235.46
465,Junia,McInility,jmcinilitycw@shinystat.com,Female,172.237.111.110
466,Erminie,Shepland,esheplandcx@i2i.jp,Female,71.90.142.32
467,Claudie,Mussolini,cmussolinicy@fotki.com,Female,185.248.232.128
468,Shepperd,Abramchik,sabramchikcz@netscape.com,Male,246.209.142.29
469,Ody,Drayson,odraysond0@csmonitor.com,Male,15.30.13.161
470,Phylys,Burkill,pburkilld1@joomla.org,Female,168.0.88.149
471,Brenna,Gowthorpe,bgowthorped2@skyrock.com,Female,58.158.56.141
472,Holly,Millsap,hmillsapd3@mysql.com,Male,3.200.146.155
473,Suzy,Scothorn,sscothornd4@seesaa.net,Female,21.230.170.37
474,Melamie,Demogeot,mdemogeotd5@imgur.com,Female,21.132.218.166
475,Eimile,Anscott,eanscottd6@imageshack.us,Female,55.48.153.114
476,Lothario,Kenewell,lkenewelld7@gravatar.com,Male,141.32.4.237
477,Brigid,McLugish,bmclugishd8@ycombinator.com,Female,140.71.174.16
478,Norbie,Bellin,nbellind9@sakura.ne.jp,Male,31.27.154.197
479,North,Boom,nboomda@ebay.com,Male,23.29.245.194
480,Tucky,Ivachyov,tivachyovdb@multiply.com,Male,160.239.206.103
481,Everard,Savile,esaviledc@pinterest.com,Male,245.127.20.69
482,Booth,Padgham,bpadghamdd@umich.edu,Male,31.100.67.45
483,Winni,Soppett,wsoppettde@nhs.uk,Female,233.78.34.197
484,Odey,Orry,oorrydf@mapy.cz,Male,110.51.40.104
485,Alfredo,MacKimm,amackimmdg@netvibes.com,Male,99.2.253.35
486,Duncan,Mingardo,dmingardodh@google.co.jp,Male,79.79.250.98
487,Darrelle,Dennick,ddennickdi@yolasite.com,Female,184.41.166.252
488,Bendicty,Clarkson,bclarksondj@godaddy.com,Male,252.15.7.223
489,Melisande,Willeman,mwillemandk@weather.com,Female,230.4.120.167
490,Kelcey,Callis,kcallisdl@vimeo.com,Female,222.211.215.238
491,Teodoor,Guwer,tguwerdm@linkedin.com,Male,169.42.211.157
492,Daffy,Charkham,dcharkhamdn@gizmodo.com,Female,52.194.155.10
493,Codie,Brunicke,cbrunickedo@bing.com,Male,27.191.16.245
494,Malchy,Websdale,mwebsdaledp@reuters.com,Male,106.63.133.214
495,Reece,Butterfill,rbutterfilldq@blogspot.com,Male,144.167.207.198
496,Luciana,Royall,lroyalldr@sohu.com,Female,193.37.37.171
497,Abey,Taylo,ataylods@123-reg.co.uk,Male,170.51.51.216
498,Alisander,Mailey,amaileydt@wordpress.com,Male,58.56.42.79
499,Eleanore,Adess,eadessdu@webeden.co.uk,Female,188.16.76.172
500,Pollyanna,Daelman,pdaelmandv@microsoft.com,Female,44.27.93.43
501,Clerkclaude,Willshire,cwillshiredw@go.com,Male,169.110.30.248
502,Reggie,Moyse,rmoysedx@reddit.com,Female,156.168.78.85
503,Karney,Bleasdale,kbleasdaledy@domainmarket.com,Male,182.218.252.14
504,Valera,Sherrum,vsherrumdz@opensource.org,Female,5.152.94.148
505,Leonid,Chillcot,lchillcote0@narod.ru,Male,147.98.167.31
506,Bartlet,Aston,bastone1@theguardian.com,Male,198.247.151.100
507,Iris,Grummitt,igrummitte2@yahoo.com,Female,111.54.243.29
508,Tam,Sketch,tsketche3@sourceforge.net,Male,109.119.89.30
509,Sibelle,Pope,spopee4@scribd.com,Female,142.24.159.228
510,Falito,Rospars,frosparse5@canalblog.com,Male,216.218.156.136
511,Karita,Kersey,kkerseye6@oakley.com,Female,45.95.88.120
512,Gaston,Learie,gleariee7@blogger.com,Male,180.27.248.64
513,Harrison,Mintrim,hmintrime8@msu.edu,Male,253.77.254.199
514,Terence,Hakonsen,thakonsene9@g.co,Male,12.34.125.99
515,Mariette,Tchir,mtchirea@nydailynews.com,Female,28.27.1.202
516,Felicio,Neylon,fneyloneb@forbes.com,Male,209.85.171.185
517,Celeste,McSorley,cmcsorleyec@myspace.com,Female,54.76.173.209
518,Ricard,Bodycote,rbodycoteed@bandcamp.com,Male,15.187.62.61
519,Camile,Randles,crandlesee@abc.net.au,Female,235.245.161.216
520,Marianne,Byrcher,mbyrcheref@census.gov,Female,205.201.163.172
521,Cindra,Gooding,cgoodingeg@jalbum.net,Female,209.240.179.70
522,Arron,Belsher,abelshereh@yolasite.com,Male,170.55.243.137
523,Hilde,Diem,hdiemei@trellian.com,Female,153.149.197.42
524,Dolli,Surby,dsurbyej@engadget.com,Female,22.144.43.141
525,Madlin,Kurt,mkurtek@hibu.com,Female,69.104.88.200
526,Eugen,Lantiffe,elantiffeel@about.me,Male,61.42.226.31
527,Ivory,Bollin,ibollinem@addthis.com,Female,49.136.42.149
528,Wang,Maletratt,wmaletratten@istockphoto.com,Male,121.231.192.67
529,Bettye,Dymond,bdymondeo@pinterest.com,Female,213.178.187.173
530,Daisey,Abson,dabsonep@gnu.org,Female,77.63.57.41
531,Kellen,Tingley,ktingleyeq@utexas.edu,Male,175.252.139.82
532,Raynor,Garrett,rgarretter@addtoany.com,Male,59.154.193.202
533,Aileen,McCowan,amccowanes@tuttocitta.it,Female,149.142.238.177
534,Marigold,Duigenan,mduigenanet@deviantart.com,Female,21.129.99.166
535,Torin,Teodori,tteodorieu@pcworld.com,Male,242.114.142.167
536,Shandy,Spilling,sspillingev@ted.com,Female,31.122.94.42
537,Randee,Capps,rcappsew@bravesites.com,Female,181.85.184.231
538,Wat,Schimon,wschimonex@ehow.com,Male,140.169.211.7
539,Demetris,Methley,dmethleyey@ft.com,Female,37.143.216.170
540,Ange,Markel,amarkelez@state.tx.us,Female,137.0.235.78
541,Reagan,Ioselevich,rioselevichf0@indiegogo.com,Male,7.12.5.246
542,Herc,Red,hredf1@google.co.uk,Male,224.131.129.177
543,Shaylyn,Petrushka,spetrushkaf2@dailymail.co.uk,Female,119.237.135.222
544,Melisandra,Gimbart,mgimbartf3@ft.com,Female,43.211.154.141
545,Poppy,Joney,pjoneyf4@cornell.edu,Female,75.140.219.246
546,Brynn,Camidge,bcamidgef5@fc2.com,Female,40.136.224.137
547,Diena,Caudray,dcaudrayf6@altervista.org,Female,224.12.57.218
548,Cathyleen,Budgey,cbudgeyf7@usgs.gov,Female,80.88.126.9
549,Albrecht,Twidle,atwidlef8@apple.com,Male,239.192.29.124
550,Brandtr,Woollam,bwoollamf9@epa.gov,Male,156.237.96.210
551,Riannon,Sember,rsemberfa@nifty.com,Female,215.115.101.75
552,Denys,Warrington,dwarringtonfb@statcounter.com,Female,1.176.189.113
553,Lina,Hammer,lhammerfc@businessinsider.com,Female,224.9.31.134
554,Saraann,Cranmore,scranmorefd@hexun.com,Female,14.102.167.115
555,Elysia,Clacson,eclacsonfe@discovery.com,Female,186.16.154.231
556,Bogey,Argabrite,bargabriteff@usda.gov,Male,66.14.191.229
557,Celestine,Larman,clarmanfg@earthlink.net,Female,1.78.155.175
558,Alejoa,Whitley,awhitleyfh@ehow.com,Male,198.255.53.41
559,Ernaline,Schwandt,eschwandtfi@unicef.org,Female,234.210.67.161
560,Ki,Chastel,kchastelfj@nytimes.com,Female,233.149.115.159
561,Washington,Nelthropp,wnelthroppfk@buzzfeed.com,Male,51.151.109.98
562,Liane,Nafzger,lnafzgerfl@sciencedirect.com,Female,252.13.105.194
563,Brooks,Sighard,bsighardfm@nationalgeographic.com,Male,148.96.249.41
564,Boycie,Jarvie,bjarviefn@scientificamerican.com,Male,181.83.75.210
565,Livy,Richarz,lricharzfo@reuters.com,Female,61.246.157.192
566,Roosevelt,Heaselgrave,rheaselgravefp@who.int,Male,17.157.248.43
567,Alys,Peron,aperonfq@devhub.com,Female,134.220.248.205
568,Lucas,Derycot,lderycotfr@hhs.gov,Male,189.142.63.255
569,Madge,Tomaszynski,mtomaszynskifs@bandcamp.com,Female,198.61.21.137
570,Findley,Zorzin,fzorzinft@aboutads.info,Male,215.214.150.203
571,Bethena,Littlecote,blittlecotefu@utexas.edu,Female,126.173.83.40
572,Dorine,Rolfo,drolfofv@berkeley.edu,Female,92.115.175.20
573,Demeter,Nunnery,dnunneryfw@salon.com,Female,185.83.247.86
574,Gnni,Plester,gplesterfx@rediff.com,Female,195.221.36.28
575,Elston,Nutter,enutterfy@ask.com,Male,209.67.84.185
576,Warde,Attwooll,wattwoollfz@delicious.com,Male,212.100.208.126
577,Aila,Finnemore,afinnemoreg0@mit.edu,Female,186.66.73.9
578,Quill,Ochterlony,qochterlonyg1@apple.com,Male,19.12.159.15
579,Herc,Cathrae,hcathraeg2@friendfeed.com,Male,84.71.217.130
580,Daryl,Puckett,dpuckettg3@cam.ac.uk,Male,187.185.3.143
581,Venita,Atte-Stone,vattestoneg4@instagram.com,Female,27.255.222.61
582,Natty,Fairman,nfairmang5@goo.gl,Male,71.5.133.115
583,Kimberli,Chinnery,kchinneryg6@yellowpages.com,Female,194.90.99.61
584,Arnold,Tack,atackg7@google.com.br,Male,233.234.241.108
585,Eward,Rabl,erablg8@com.com,Male,145.171.58.100
586,Tanhya,Grene,tgreneg9@patch.com,Female,37.181.42.8
587,Risa,Presnell,rpresnellga@miibeian.gov.cn,Female,123.34.207.57
588,Rebecka,Fairbank,rfairbankgb@xing.com,Female,75.221.65.174
589,Diarmid,Sketcher,dsketchergc@ning.com,Male,196.206.68.145
590,Allayne,Everest,aeverestgd@pinterest.com,Male,70.20.248.0
591,Claudelle,Aspinal,caspinalge@bluehost.com,Female,223.85.175.108
592,Emmey,Supple,esupplegf@tmall.com,Female,176.109.62.60
593,Selene,Steptowe,ssteptowegg@issuu.com,Female,139.255.12.190
594,Kaylee,Kempton,kkemptongh@merriam-webster.com,Female,90.22.57.160
595,Sibbie,Vannucci,svannuccigi@storify.com,Female,143.40.121.215
596,Tymon,Risson,trissongj@elpais.com,Male,89.33.50.96
597,Marwin,Danilovitch,mdanilovitchgk@buzzfeed.com,Male,145.110.51.89
598,Willabella,Jollie,wjolliegl@un.org,Female,50.58.252.71
599,Zahara,Higgonet,zhiggonetgm@earthlink.net,Female,72.176.242.135
600,Robert,Bramwell,rbramwellgn@state.tx.us,Male,248.228.172.8
601,Petr,Ugoni,pugonigo@live.com,Male,90.214.14.242
602,Josy,Derrick,jderrickgp@epa.gov,Female,223.252.104.58
603,Daren,Leidl,dleidlgq@salon.com,Male,98.164.245.132
604,Antony,William,awilliamgr@mashable.com,Male,77.171.140.134
605,Arturo,Hunt,ahuntgs@google.ca,Male,190.61.185.12
606,Sophie,Serman,ssermangt@who.int,Female,82.185.134.150
607,Luke,Tesdale,ltesdalegu@mozilla.org,Male,254.154.24.185
608,Hubie,Kingham,hkinghamgv@addthis.com,Male,99.255.196.241
609,Monika,Slocum,mslocumgw@123-reg.co.uk,Female,51.32.109.36
610,Kerianne,McCool,kmccoolgx@bigcartel.com,Female,50.255.197.139
611,Kalie,Sarre,ksarregy@washingtonpost.com,Female,237.61.15.104
612,Aurea,Boddice,aboddicegz@google.co.jp,Female,91.138.156.38
613,Una,Yong,uyongh0@netlog.com,Female,6.103.238.122
614,Rooney,Josephov,rjosephovh1@addtoany.com,Male,200.65.249.77
615,Bert,Osler,boslerh2@thetimes.co.uk,Female,60.202.16.244
616,Lurlene,Gaukrodge,lgaukrodgeh3@hubpages.com,Female,75.163.98.249
617,Rochelle,Tomasini,rtomasinih4@oaic.gov.au,Female,33.58.90.165
618,Hort,Novacek,hnovacekh5@moonfruit.com,Male,11.249.156.167
619,Cordula,Ambrogi,cambrogih6@ifeng.com,Female,226.197.246.225
620,Manya,Pudden,mpuddenh7@printfriendly.com,Female,138.153.47.56
621,Vivyanne,Geater,vgeaterh8@homestead.com,Female,184.194.226.215
622,Bil,Berisford,bberisfordh9@epa.gov,Male,42.133.180.83
623,Letizia,Coggin,lcogginha@spiegel.de,Female,239.45.236.10
624,Laverne,Giamo,lgiamohb@jimdo.com,Female,110.208.15.103
625,Corry,Edward,cedwardhc@webmd.com,Female,245.44.181.111
626,Gay,Jimmes,gjimmeshd@prlog.org,Male,176.163.241.81
627,Isak,Lorenzo,ilorenzohe@webmd.com,Male,26.169.55.76
628,Cori,Franzewitch,cfranzewitchhf@yellowpages.com,Male,146.20.42.83
629,Scot,Reinbech,sreinbechhg@sohu.com,Male,53.144.142.197
630,Bradney,Corteney,bcorteneyhh@blogspot.com,Male,215.182.23.23
631,Joyan,Chaytor,jchaytorhi@geocities.jp,Female,135.48.167.154
632,Sylvan,Chomiszewski,schomiszewskihj@goodreads.com,Male,109.65.145.174
633,Philippine,Karpets,pkarpetshk@craigslist.org,Female,120.109.196.105
634,Waylan,MacMichael,wmacmichaelhl@statcounter.com,Male,9.128.249.209
635,Patsy,St Louis,pstlouishm@oaic.gov.au,Male,11.49.67.227
636,Lou,Whitford,lwhitfordhn@discovery.com,Male,26.208.45.31
637,Farand,Casbolt,fcasboltho@cdc.gov,Female,37.108.135.134
638,Daisi,Allabush,dallabushhp@oracle.com,Female,82.103.138.65
639,Sybille,Node,snodehq@histats.com,Female,5.168.159.116
640,Danyelle,Geeves,dgeeveshr@uiuc.edu,Female,105.141.220.199
641,Lovell,Plummer,lplummerhs@cisco.com,Male,188.38.85.129
642,Barnabas,Sendall,bsendallht@salon.com,Male,228.6.239.228
643,Rockie,Songust,rsongusthu@berkeley.edu,Male,237.12.33.66
644,Normie,Costa,ncostahv@oakley.com,Male,251.154.43.204
645,Cindee,Goves,cgoveshw@uiuc.edu,Female,54.153.149.54
646,Milzie,Aitken,maitkenhx@zdnet.com,Female,157.180.32.168
647,Dominique,Babin,dbabinhy@hao123.com,Male,213.224.195.184
648,Ardelia,Ashmore,aashmorehz@sogou.com,Female,154.9.92.213
649,Emmey,Aberdein,eaberdeini0@hostgator.com,Female,252.63.190.48
650,Gunar,Tregenna,gtregennai1@seesaa.net,Male,155.27.44.12
651,Claybourne,Small,csmalli2@mapy.cz,Male,230.209.103.192
652,Johnnie,Sandeland,jsandelandi3@bluehost.com,Male,98.69.235.88
653,Jerrilee,Currom,jcurromi4@dagondesign.com,Female,150.188.5.235
654,Miguelita,Galliver,mgalliveri5@reuters.com,Female,177.155.234.243
655,Gerhard,Tipton,gtiptoni6@seesaa.net,Male,54.151.230.31
656,Odell,Bater,obateri7@i2i.jp,Male,215.98.2.97
657,Andy,Fricke,africkei8@taobao.com,Female,111.29.238.60
658,Wendell,Emmot,wemmoti9@europa.eu,Male,200.149.135.135
659,Ilsa,Manz,imanzia@vinaora.com,Female,152.175.163.85
660,Zebulen,Croneen,zcroneenib@businesswire.com,Male,190.104.21.96
661,Dallis,Meaders,dmeadersic@cisco.com,Male,39.3.119.169
662,Caesar,Kosiada,ckosiadaid@alibaba.com,Male,47.125.81.182
663,Jesselyn,Worg,jworgie@hao123.com,Female,181.24.152.210
664,Immanuel,Botterman,ibottermanif@drupal.org,Male,121.54.89.146
665,Willette,Hubble,whubbleig@ovh.net,Female,84.142.146.38
666,Denver,Soars,dsoarsih@cbsnews.com,Male,82.206.115.136
667,Bevvy,Bracchi,bbracchiii@google.ca,Female,25.1.116.200
668,Sandie,McIlhagga,smcilhaggaij@deliciousdays.com,Female,14.76.253.254
669,Wynny,Thunders,wthundersik@aol.com,Female,177.105.71.200
670,Ardene,Dell Casa,adellcasail@mysql.com,Female,159.239.185.156
671,Carolynn,Symcox,csymcoxim@parallels.com,Female,247.167.200.9
672,Osbourne,Medcalfe,omedcalfein@cnbc.com,Male,203.44.191.208
673,Gerard,Carvell,gcarvellio@nature.com,Male,236.25.103.39
674,Electra,Dukesbury,edukesburyip@xrea.com,Female,243.115.246.241
675,Eadmund,Fennelow,efennelowiq@oaic.gov.au,Male,243.25.96.62
676,Garek,Norvell,gnorvellir@ocn.ne.jp,Male,239.47.42.177
677,Kim,Edmead,kedmeadis@elpais.com,Male,180.203.83.253
678,Irwinn,Cantera,icanterait@sohu.com,Male,72.110.119.192
679,Kriste,Getley,kgetleyiu@sfgate.com,Female,149.143.48.230
680,Dominique,Iwanowicz,diwanowicziv@forbes.com,Male,97.94.218.41
681,Gabriela,Chatainier,gchatainieriw@macromedia.com,Female,228.213.91.27
682,Ainslie,Shire,ashireix@printfriendly.com,Female,162.171.147.45
683,Hercule,Pietruszka,hpietruszkaiy@list-manage.com,Male,77.82.204.71
684,Charis,Nitti,cnittiiz@gmpg.org,Female,9.13.126.20
685,Deb,Theodore,dtheodorej0@free.fr,Female,161.163.157.186
686,Robin,Houliston,rhoulistonj1@omniture.com,Male,172.34.131.127
687,Brynn,McKeand,bmckeandj2@mozilla.org,Female,162.103.186.216
688,Kassie,Espadas,kespadasj3@odnoklassniki.ru,Female,139.11.49.135
689,Donica,Guyot,dguyotj4@alibaba.com,Female,27.62.222.75
690,Helge,Garden,hgardenj5@epa.gov,Female,225.34.150.133
691,Gianni,Berendsen,gberendsenj6@rediff.com,Male,254.137.220.246
692,Bertrand,Filippozzi,bfilippozzij7@va.gov,Male,179.81.233.114
693,Mattias,Liebmann,mliebmannj8@blog.com,Male,223.226.147.151
694,Glyn,Rattry,grattryj9@360.cn,Female,123.188.80.147
695,Vivi,Tatton,vtattonja@nsw.gov.au,Female,236.55.228.215
696,Marlow,Sharrem,msharremjb@marketwatch.com,Male,106.129.254.5
697,Dorotea,De La Haye,ddelahayejc@edublogs.org,Female,40.8.199.22
698,Dorelle,Baden,dbadenjd@toplist.cz,Female,0.51.226.48
699,Gaspard,Tineman,gtinemanje@trellian.com,Male,28.112.54.195
700,Torr,Doig,tdoigjf@ovh.net,Male,204.54.46.214
701,Merwyn,Iddens,middensjg@theguardian.com,Male,254.201.108.94
702,Perice,Augustin,paugustinjh@newyorker.com,Male,6.171.189.169
703,Claudian,Cordner,ccordnerji@army.mil,Male,215.195.73.251
704,Barde,Estoile,bestoilejj@wordpress.com,Male,177.85.241.127
705,Tris,Valadez,tvaladezjk@prlog.org,Male,21.175.45.66
706,Mandy,Jurasz,mjuraszjl@yellowpages.com,Female,212.23.71.153
707,Gisella,McCaughen,gmccaughenjm@time.com,Female,14.20.237.110
708,Drucill,Reddlesden,dreddlesdenjn@stumbleupon.com,Female,15.6.191.165
709,Donny,Bernardinelli,dbernardinellijo@ca.gov,Male,140.136.193.115
710,Thedrick,Antill,tantilljp@acquirethisname.com,Male,224.163.109.38
711,Ringo,Scarrisbrick,rscarrisbrickjq@tinypic.com,Male,54.4.15.104
712,Martita,Dashper,mdashperjr@amazonaws.com,Female,75.206.177.123
713,York,Goldhawk,ygoldhawkjs@boston.com,Male,163.97.8.123
714,Alexa,Mellmoth,amellmothjt@flavors.me,Female,243.101.249.178
715,Panchito,McCall,pmccallju@unesco.org,Male,159.49.245.248
716,Meredith,Rooze,mroozejv@stumbleupon.com,Male,116.206.110.147
717,Barbette,Akhurst,bakhurstjw@bing.com,Female,36.236.91.175
718,Lyndsey,Garbar,lgarbarjx@1und1.de,Female,180.3.171.51
719,Adiana,Toman,atomanjy@ft.com,Female,77.125.254.155
720,Georgena,Wellfare,gwellfarejz@github.com,Female,31.200.245.121
721,Julieta,Fearby,jfearbyk0@columbia.edu,Female,22.139.19.238
722,Guillema,Leads,gleadsk1@imageshack.us,Female,23.66.17.102
723,Izabel,McSparran,imcsparrank2@reuters.com,Female,120.33.182.101
724,Martyn,Baline,mbalinek3@slideshare.net,Male,128.103.65.215
725,Rodge,Novotni,rnovotnik4@dyndns.org,Male,115.79.133.17
726,Eberto,Sykes,esykesk5@tripod.com,Male,109.219.82.64
727,Emmalynne,Arrigucci,earriguccik6@businessinsider.com,Female,214.16.164.149
728,Tremaine,Rennie,trenniek7@umich.edu,Male,1.208.169.14
729,Rosalyn,Leys,rleysk8@amazon.co.uk,Female,27.139.225.238
730,Glyn,Synnott,gsynnottk9@delicious.com,Male,105.101.68.121
731,Gusti,Wilflinger,gwilflingerka@nymag.com,Female,154.78.144.92
732,Gavin,Torresi,gtorresikb@home.pl,Male,129.100.63.150
733,Blanca,Wharmby,bwharmbykc@dot.gov,Female,185.94.86.94
734,Killian,Buy,kbuykd@twitpic.com,Male,4.8.74.164
735,Benji,Rochell,brochellke@bloglines.com,Male,79.213.222.33
736,Anthony,Dade,adadekf@hubpages.com,Male,234.224.0.75
737,Betty,Rosario,brosariokg@google.co.jp,Female,155.55.226.220
738,Cobby,Lamboll,clambollkh@biglobe.ne.jp,Male,236.104.28.248
739,Stella,Postan,spostanki@constantcontact.com,Female,18.124.76.27
740,Kayle,McArthur,kmcarthurkj@nasa.gov,Female,115.162.79.226
741,Mariquilla,Ellissen,mellissenkk@bloomberg.com,Female,35.106.216.125
742,Elisha,Beamond,ebeamondkl@discuz.net,Male,143.8.178.166
743,Jarred,Snar,jsnarkm@jimdo.com,Male,120.66.216.168
744,Tabbatha,Faucherand,tfaucherandkn@clickbank.net,Female,82.157.222.80
745,Malinda,Janaszkiewicz,mjanaszkiewiczko@newsvine.com,Female,111.204.61.63
746,Nelson,Kittley,nkittleykp@salon.com,Male,180.165.195.237
747,Whitaker,Coller,wcollerkq@indiatimes.com,Male,105.102.115.211
748,Otha,Sanday,osandaykr@plala.or.jp,Female,127.244.255.68
749,Deidre,Shearer,dshearerks@icq.com,Female,182.255.50.142
750,Oby,Rashleigh,orashleighkt@google.de,Male,67.140.1.240
751,Jobina,McAloren,jmcalorenku@furl.net,Female,47.243.208.104
752,Leyla,Adanez,ladanezkv@weather.com,Female,134.123.139.34
753,Bernard,Steffans,bsteffanskw@sakura.ne.jp,Male,35.187.115.36
754,Hyacinthia,Iffe,hiffekx@nps.gov,Female,24.32.123.155
755,Shermie,Philippou,sphilippouky@nymag.com,Male,45.140.185.15
756,Alexandros,Braunfeld,abraunfeldkz@princeton.edu,Male,136.143.9.54
757,Troy,Reyes,treyesl0@pcworld.com,Male,78.129.69.41
758,Patin,Dwane,pdwanel1@prweb.com,Male,109.155.189.146
759,Klaus,Evered,keveredl2@soundcloud.com,Male,215.78.104.190
760,Eugenie,Tolson,etolsonl3@fotki.com,Female,115.170.52.150
761,Lorie,Macquire,lmacquirel4@goodreads.com,Female,243.158.200.204
762,Harwilll,Hedger,hhedgerl5@qq.com,Male,184.228.151.164
763,Frieda,Mark,fmarkl6@admin.ch,Female,14.110.155.101
764,Terencio,Wandrich,twandrichl7@nps.gov,Male,125.185.189.248
765,Cybil,Scoon,cscoonl8@nhs.uk,Female,140.182.179.126
766,Jasmine,Revie,jreviel9@mit.edu,Female,199.63.157.159
767,Bamby,Jenkerson,bjenkersonla@tinyurl.com,Female,125.112.123.137
768,Krishnah,Petran,kpetranlb@theguardian.com,Male,100.84.57.46
769,Schuyler,Garthland,sgarthlandlc@istockphoto.com,Male,235.166.29.187
770,Kassandra,Yarrall,kyarrallld@furl.net,Female,16.23.150.129
771,Shepherd,Arnald,sarnaldle@google.fr,Male,41.113.29.0
772,Maximo,Combes,mcombeslf@a8.net,Male,234.143.127.101
773,Hunt,Ashingden,hashingdenlg@lulu.com,Male,63.227.189.69
774,Mitchel,Goggey,mgoggeylh@dell.com,Male,166.179.59.49
775,Ricoriki,Cockhill,rcockhillli@aboutads.info,Male,48.219.206.23
776,Court,Blitz,cblitzlj@noaa.gov,Male,135.188.249.144
777,Myrta,Beharrell,mbeharrelllk@yale.edu,Female,237.119.6.247
778,Cele,Gooble,cgooblell@foxnews.com,Female,145.28.70.16
779,Val,Prescote,vprescotelm@epa.gov,Male,95.2.43.171
780,Annamaria,Farley,afarleyln@sciencedirect.com,Female,135.12.39.117
781,Gwenneth,Crop,gcroplo@state.tx.us,Female,50.160.144.160
782,Avrom,Blaney,ablaneylp@abc.net.au,Male,68.131.178.98
783,Rosalia,Thomke,rthomkelq@java.com,Female,178.245.188.128
784,Karna,Renshall,krenshalllr@sun.com,Female,148.103.197.15
785,Isa,Echalie,iechaliels@usda.gov,Female,155.150.61.73
786,Yetty,Skyrm,yskyrmlt@discuz.net,Female,106.251.148.204
787,Melva,Blasiak,mblasiaklu@163.com,Female,226.158.88.228
788,Gypsy,Couronne,gcouronnelv@wiley.com,Female,118.104.74.198
789,Carlie,Summerley,csummerleylw@shinystat.com,Female,80.153.14.69
790,Albert,Speerman,aspeermanlx@newyorker.com,Male,7.210.164.59
791,Florie,Cheney,fcheneyly@reddit.com,Female,81.137.52.97
792,Cilka,Sogg,csogglz@i2i.jp,Female,29.246.247.105
793,Roscoe,Beattie,rbeattiem0@themeforest.net,Male,122.230.245.189
794,Fayette,Bilbrey,fbilbreym1@slate.com,Female,174.61.102.248
795,Malory,Windous,mwindousm2@umn.edu,Female,83.73.215.195
796,Tait,Fransewich,tfransewichm3@wsj.com,Male,239.61.25.195
797,Ilyssa,Boutton,ibouttonm4@merriam-webster.com,Female,29.5.52.208
798,Hester,Treneer,htreneerm5@yellowbook.com,Female,116.230.217.180
799,Malvina,Larrington,mlarringtonm6@hostgator.com,Female,197.227.77.19
800,Sebastien,Staynes,sstaynesm7@sciencedaily.com,Male,248.239.110.186
801,Kristoforo,Jentle,kjentlem8@dailymotion.com,Male,204.15.167.190
802,Kelsey,Shotton,kshottonm9@scribd.com,Female,214.28.248.169
803,Reese,Benoix,rbenoixma@adobe.com,Male,37.239.68.154
804,Ethelda,Hazeldean,ehazeldeanmb@github.com,Female,119.188.230.77
805,Penelopa,Lethem,plethemmc@microsoft.com,Female,67.75.174.165
806,Ignatius,Rothera,irotheramd@list-manage.com,Male,202.214.22.30
807,Vince,Scutter,vscutterme@vinaora.com,Male,24.96.244.52
808,Diannne,Drake,ddrakemf@examiner.com,Female,23.65.221.48
809,Schuyler,Bernlin,sbernlinmg@wikia.com,Male,184.115.7.35
810,Radcliffe,Tilt,rtiltmh@mysql.com,Male,108.126.31.127
811,Tiffani,Krzyzanowski,tkrzyzanowskimi@multiply.com,Female,42.81.151.202
812,Fonsie,Spilling,fspillingmj@ihg.com,Male,40.192.58.231
813,Dorolice,Raithby,draithbymk@hugedomains.com,Female,41.101.109.209
814,Chaim,Drowsfield,cdrowsfieldml@liveinternet.ru,Male,247.105.64.158
815,Geri,Dearnly,gdearnlymm@webeden.co.uk,Female,39.94.242.218
816,Brittan,Glazer,bglazermn@wikipedia.org,Female,102.80.253.252
817,Julita,Duding,jdudingmo@toplist.cz,Female,67.128.169.70
818,Aurea,Arnhold,aarnholdmp@nbcnews.com,Female,148.199.39.174
819,Sophia,Kovelmann,skovelmannmq@cdbaby.com,Female,69.149.240.48
820,Jaquith,Cosin,jcosinmr@ning.com,Female,119.92.204.253
821,Loren,Niece,lniecems@blogger.com,Male,58.197.226.92
822,Blinni,Nellen,bnellenmt@deliciousdays.com,Female,109.205.222.196
823,Kylie,Beacroft,kbeacroftmu@yellowbook.com,Male,184.223.72.236
824,Garvin,Shobrook,gshobrookmv@tinyurl.com,Male,63.206.3.114
825,Edith,Grills,egrillsmw@blinklist.com,Female,134.83.30.243
826,Cordula,O'Lochan,colochanmx@goo.gl,Female,157.42.193.28
827,Mae,Augur,maugurmy@state.tx.us,Female,109.113.58.15
828,Spike,O' Donohue,sodonohuemz@yellowbook.com,Male,52.68.105.163
829,Monro,Jaher,mjahern0@mashable.com,Male,93.219.135.48
830,Garv,Henrichs,ghenrichsn1@nymag.com,Male,106.6.32.175
831,Dania,Rawling,drawlingn2@independent.co.uk,Female,119.185.5.5
832,Benedict,Josephsen,bjosephsenn3@woothemes.com,Male,105.104.232.225
833,Beale,Daviddi,bdaviddin4@bbc.co.uk,Male,231.154.203.123
834,Seth,Hegel,shegeln5@booking.com,Male,104.48.45.113
835,Andie,Richmont,arichmontn6@umn.edu,Female,21.47.44.243
836,Meggie,Howden,mhowdenn7@chronoengine.com,Female,143.96.48.53
837,Brooke,Gulvin,bgulvinn8@unblog.fr,Male,59.23.127.91
838,Andros,Menlove,amenloven9@deviantart.com,Male,70.18.200.23
839,Byrann,McIlory,bmciloryna@51.la,Male,215.96.181.134
840,Clarence,Fancott,cfancottnb@newsvine.com,Male,4.150.36.236
841,Bobbye,Gabbatt,bgabbattnc@reference.com,Female,172.55.165.138
842,Ulises,Eye,ueyend@imgur.com,Male,250.31.209.131
843,Bartlet,MacCurtain,bmaccurtainne@slashdot.org,Male,109.132.47.170
844,Karissa,MacVean,kmacveannf@soup.io,Female,82.25.103.86
845,Nevins,O'Fogerty,nofogertyng@blogtalkradio.com,Male,196.239.255.132
846,Tadeo,Stearley,tstearleynh@ucla.edu,Male,163.3.74.22
847,Analiese,Stilwell,astilwellni@unicef.org,Female,40.31.74.52
848,Jasmine,Deverock,jdeverocknj@java.com,Female,247.126.180.101
849,Corbet,Leon,cleonnk@ovh.net,Male,198.10.68.101
850,Lexi,Snelman,lsnelmannl@narod.ru,Female,253.180.239.153
851,Skipper,Fellon,sfellonnm@jigsy.com,Male,115.253.106.188
852,Tansy,McCurtain,tmccurtainnn@jalbum.net,Female,172.249.186.109
853,Jordan,Patinkin,jpatinkinno@angelfire.com,Male,154.36.32.217
854,Zedekiah,Doles,zdolesnp@nymag.com,Male,195.211.194.117
855,Ervin,Showen,eshowennq@reuters.com,Male,20.253.114.118
856,Artemis,Sallan,asallannr@behance.net,Male,140.30.172.92
857,Michal,Karus,mkarusns@dedecms.com,Female,70.50.12.194
858,Valaria,Stenet,vstenetnt@google.com,Female,216.83.209.174
859,Letty,Gardener,lgardenernu@blogs.com,Female,104.180.37.246
860,Heddie,Bray,hbraynv@virginia.edu,Female,74.86.171.215
861,Ingamar,Gibby,igibbynw@mozilla.com,Male,208.87.70.98
862,Chadd,Purches,cpurchesnx@sakura.ne.jp,Male,16.82.179.118
863,Ingar,Sonier,isonierny@webmd.com,Male,17.29.151.30
864,Wolfgang,Coronas,wcoronasnz@twitpic.com,Male,65.56.94.231
865,Trumaine,Parkhouse,tparkhouseo0@usnews.com,Male,53.132.96.153
866,Myrle,Shiril,mshirilo1@i2i.jp,Female,220.111.188.206
867,Maryann,Delany,mdelanyo2@paypal.com,Female,87.235.207.14
868,Millie,Gullefant,mgullefanto3@epa.gov,Female,91.241.59.169
869,Ignace,Espinazo,iespinazoo4@slideshare.net,Male,155.4.35.25
870,Joella,Matzaitis,jmatzaitiso5@parallels.com,Female,152.231.179.78
871,Budd,Reynoollds,breynoolldso6@wp.com,Male,132.122.154.54
872,Rudie,Lesly,rleslyo7@blinklist.com,Male,200.184.112.42
873,Cindy,Halegarth,chalegartho8@xrea.com,Female,91.76.94.176
874,Boris,Geertz,bgeertzo9@e-recht24.de,Male,66.74.168.149
875,Abie,Sylvaine,asylvaineoa@nifty.com,Male,155.180.21.180
876,Steward,Barus,sbarusob@comcast.net,Male,63.71.110.126
877,Renelle,Kilsby,rkilsbyoc@ow.ly,Female,9.192.89.59
878,Brynne,Moreinis,bmoreinisod@vkontakte.ru,Female,254.98.159.0
879,Hy,Sleicht,hsleichtoe@feedburner.com,Male,115.99.6.251
880,Sammy,Lackney,slackneyof@shutterfly.com,Female,3.72.246.185
881,Nestor,Rochell,nrochellog@ftc.gov,Male,65.129.62.251
882,Betty,Willshere,bwillshereoh@constantcontact.com,Female,163.133.148.109
883,Maurits,McFarland,mmcfarlandoi@hc360.com,Male,205.141.233.86
884,Ronalda,Hudleston,rhudlestonoj@eepurl.com,Female,220.225.84.196
885,Quintus,Chatainier,qchatainierok@uol.com.br,Male,228.228.252.79
886,Rora,Lafferty,rlaffertyol@wiley.com,Female,206.40.148.112
887,Viviana,Forrester,vforresterom@google.cn,Female,209.207.53.197
888,Jerrold,Yandell,jyandellon@blogger.com,Male,233.17.174.46
889,Demetris,Westrope,dwestropeoo@ted.com,Female,252.61.245.223
890,Fairlie,Portail,fportailop@naver.com,Male,25.78.126.50
891,Laurie,Gallichiccio,lgallichicciooq@reverbnation.com,Male,137.101.122.113
892,Demetria,Storkes,dstorkesor@theguardian.com,Female,172.105.22.158
893,Vivyanne,Orneles,vornelesos@imdb.com,Female,237.204.82.228
894,Nedi,Kernell,nkernellot@gizmodo.com,Female,236.110.22.63
895,Carl,Wenzel,cwenzelou@auda.org.au,Male,94.10.155.107
896,King,Jakucewicz,kjakucewiczov@usatoday.com,Male,173.153.231.58
897,Baillie,Bruckshaw,bbruckshawow@bizjournals.com,Male,126.219.45.58
898,Skipp,Adney,sadneyox@sciencedirect.com,Male,11.42.196.217
899,Willem,Cannon,wcannonoy@multiply.com,Male,10.251.17.130
900,Ernesta,Hayford,ehayfordoz@mysql.com,Female,247.85.19.126
901,Martelle,Lyttle,mlyttlep0@census.gov,Female,128.221.135.236
902,Spenser,Gullam,sgullamp1@qq.com,Male,232.97.175.202
903,Demetrius,Joss,djossp2@mayoclinic.com,Male,68.41.67.125
904,Leanora,Emlen,lemlenp3@ehow.com,Female,84.14.20.42
905,Zahara,Gever,zgeverp4@pagesperso-orange.fr,Female,97.35.178.127
906,Zola,Jerrard,zjerrardp5@artisteer.com,Female,155.174.77.165
907,Brantley,Scraney,bscraneyp6@clickbank.net,Male,25.130.253.227
908,Hadley,Gartshore,hgartshorep7@nyu.edu,Male,182.186.70.248
909,Rosaleen,Yorkston,ryorkstonp8@t-online.de,Female,59.19.23.11
910,Margarethe,Bloy,mbloyp9@ning.com,Female,58.182.22.174
911,Bernie,McShee,bmcsheepa@bluehost.com,Male,60.30.23.47
912,Bent,Heims,bheimspb@rediff.com,Male,199.49.120.3
913,Monica,Gwinnel,mgwinnelpc@photobucket.com,Female,192.47.72.242
914,Hillier,Punch,hpunchpd@istockphoto.com,Male,216.156.183.30
915,Clair,Manie,cmaniepe@springer.com,Male,162.37.49.38
916,Rosalyn,Adamovitch,radamovitchpf@ucoz.ru,Female,227.160.132.78
917,Hurlee,Provis,hprovispg@telegraph.co.uk,Male,227.42.100.0
918,Karoly,Venn,kvennph@answers.com,Female,84.134.185.47
919,Hanan,Choules,hchoulespi@gravatar.com,Male,161.217.228.98
920,Nolie,Challenor,nchallenorpj@cnet.com,Female,56.182.133.172
921,Celene,Persicke,cpersickepk@webeden.co.uk,Female,47.179.43.218
922,Wayne,Payle,wpaylepl@about.com,Male,69.151.93.66
923,Garry,Goldsmith,ggoldsmithpm@woothemes.com,Male,52.71.129.152
924,Aurea,Surmeir,asurmeirpn@slideshare.net,Female,235.77.54.120
925,Alejandro,Risely,ariselypo@usgs.gov,Male,94.88.28.184
926,Lorilyn,Hess,lhesspp@imgur.com,Female,178.78.151.12
927,Daron,Lammerts,dlammertspq@tripod.com,Male,31.84.196.164
928,Gerrie,Randals,grandalspr@utexas.edu,Male,117.215.197.77
929,Kacy,Scyner,kscynerps@nasa.gov,Female,36.191.60.11
930,Rube,Glazer,rglazerpt@youku.com,Male,130.74.77.45
931,Kelly,Andresser,kandresserpu@nih.gov,Female,179.198.134.47
932,Puff,Devers,pdeverspv@blogs.com,Male,26.196.41.228
933,Roi,Rummins,rrumminspw@wikimedia.org,Male,17.208.169.255
934,Siegfried,Jeannaud,sjeannaudpx@wp.com,Male,127.65.135.24
935,Hilliary,Gilfillan,hgilfillanpy@lulu.com,Female,64.19.70.193
936,Vale,Leale,vlealepz@vinaora.com,Male,90.91.199.20
937,Ulysses,Chessel,uchesselq0@noaa.gov,Male,241.247.96.44
938,Valle,Pawsey,vpawseyq1@elpais.com,Male,15.32.97.104
939,Roger,Minchinton,rminchintonq2@reverbnation.com,Male,34.76.251.174
940,Trever,Hockell,thockellq3@latimes.com,Male,202.87.24.48
941,Vergil,Kleinholz,vkleinholzq4@ted.com,Male,161.107.215.118
942,Eberto,Pionter,epionterq5@people.com.cn,Male,129.127.8.26
943,Massimiliano,Cracie,mcracieq6@ebay.co.uk,Male,229.150.40.251
944,Glynnis,Boni,gboniq7@eepurl.com,Female,5.93.87.243
945,Tallie,Reen,treenq8@chronoengine.com,Female,47.56.42.43
946,Edsel,Pearcey,epearceyq9@hao123.com,Male,167.202.122.168
947,Patty,Kender,pkenderqa@bravesites.com,Female,169.225.142.53
948,Pierce,Farlane,pfarlaneqb@g.co,Male,168.240.135.245
949,Gwenette,Pagon,gpagonqc@delicious.com,Female,244.236.71.240
950,Agata,Blazevic,ablazevicqd@smugmug.com,Female,156.188.53.162
951,Sherrie,Ruberry,sruberryqe@desdev.cn,Female,235.102.192.148
952,Mavis,Kilgrew,mkilgrewqf@wikipedia.org,Female,76.234.199.71
953,Christy,Braddon,cbraddonqg@army.mil,Male,208.16.108.25
954,Meryl,Witch,mwitchqh@msn.com,Male,34.222.33.235
955,Tommy,Broxap,tbroxapqi@arstechnica.com,Female,26.249.216.41
956,Bent,Fiddymont,bfiddymontqj@constantcontact.com,Male,10.151.30.151
957,Fayth,Nagle,fnagleqk@creativecommons.org,Female,91.78.239.12
958,Zelma,Vesco,zvescoql@jigsy.com,Female,3.185.165.111
959,Bobinette,Vaune,bvauneqm@fotki.com,Female,13.196.176.48
960,Stefan,Paal,spaalqn@over-blog.com,Male,44.107.206.69
961,Janot,Root,jrootqo@51.la,Female,210.201.18.114
962,Rich,Camerati,rcameratiqp@scribd.com,Male,185.2.226.158
963,Job,Huxley,jhuxleyqq@jigsy.com,Male,153.151.200.196
964,Doloritas,Lowrance,dlowranceqr@ihg.com,Female,116.169.171.188
965,Bevvy,Mariette,bmarietteqs@mysql.com,Female,140.190.140.189
966,L;urette,Kinver,lkinverqt@slideshare.net,Female,207.43.185.154
967,Woodrow,Wetherell,wwetherellqu@webeden.co.uk,Male,84.193.77.198
968,Luci,Keepe,lkeepeqv@goo.ne.jp,Female,161.176.170.25
969,Barbara,Seeds,bseedsqw@springer.com,Female,91.160.216.39
970,Jamey,Cominello,jcominelloqx@epa.gov,Male,44.225.34.167
971,Missy,Pandey,mpandeyqy@tamu.edu,Female,97.63.162.50
972,Calida,Robe,crobeqz@eventbrite.com,Female,173.72.17.195
973,Tobe,Keizman,tkeizmanr0@eventbrite.com,Male,254.156.176.72
974,Isa,Lamberto,ilambertor1@bbb.org,Male,239.108.90.184
975,Roz,Holtum,rholtumr2@infoseek.co.jp,Female,12.134.176.136
976,Barbra,Lakey,blakeyr3@qq.com,Female,125.14.12.214
977,Renata,Fick,rfickr4@blogspot.com,Female,203.70.182.190
978,Morna,Tomkinson,mtomkinsonr5@google.com,Female,215.170.173.251
979,Bastien,Thatcham,bthatchamr6@tinyurl.com,Male,30.55.218.34
980,Karena,Ratcliffe,kratcliffer7@utexas.edu,Female,177.47.130.125
981,Josiah,Enders,jendersr8@columbia.edu,Male,17.163.220.215
982,Vina,Towll,vtowllr9@livejournal.com,Female,22.16.82.150
983,Natal,Lomen,nlomenra@feedburner.com,Male,219.154.151.27
984,Erinna,Phillins,ephillinsrb@upenn.edu,Female,33.169.193.13
985,Joane,Meir,jmeirrc@mapy.cz,Female,47.163.151.107
986,Terrye,Basill,tbasillrd@usa.gov,Female,156.123.10.6
987,Augy,Cabena,acabenare@apple.com,Male,49.182.18.182
988,Brietta,Sandiland,bsandilandrf@creativecommons.org,Female,145.7.206.191
989,Tedd,Seebright,tseebrightrg@elegantthemes.com,Male,93.164.21.111
990,Willamina,Powder,wpowderrh@ovh.net,Female,47.85.81.126
991,Colleen,Kimmel,ckimmelri@ihg.com,Female,181.179.22.167
992,Tiebold,Wrefford,twreffordrj@sun.com,Male,16.125.55.14
993,Kurtis,Mordon,kmordonrk@smugmug.com,Male,224.245.153.196
994,Arch,Rudeyeard,arudeyeardrl@bbc.co.uk,Male,81.227.39.180
995,Chad,Mougenel,cmougenelrm@microsoft.com,Female,79.116.184.146
996,Mathe,McCloch,mmcclochrn@webs.com,Male,109.86.51.226
997,Noll,Pierton,npiertonro@china.com.cn,Male,119.3.105.120
998,Deanne,Skittles,dskittlesrp@europa.eu,Female,152.4.22.11
999,Bronson,Toplin,btoplinrq@amazon.de,Male,59.202.78.100
1000,Denis,Ingleston,dinglestonrr@about.me,Male,88.88.65.221
